feature,mean,std
log_interval_s,0.16399100640053155,0.010916974382421231
cnt_10m,0.08229314203707346,0.0025923612577843226
cnt_1h,0.0632583398672556,0.002133403131326677
log_offline_min,0.06288765443156119,0.00410379052094836
log_spend_1h,0.02965348618727881,0.005280462754217553
hour_share,0.026353805175974965,0.004212581808729615
local_server_gap,0.018719398641064606,0.000845588093772344
amount_to_server_balance,0.016450628394541995,0.002418703658025565
log_sync_lag_min,0.015599011278992547,0.0026084702377747494
snapshot_staleness,0.014422047465636245,0.002096568470707178
log_hist_median,0.010757368518795718,0.001837036798375515
hist_std_log,0.008810969668774779,0.0032565923680101484
amount_over_median_log,0.00825319740961609,0.001615945450750506
receiver_prior_count,0.006987642527769548,0.0008760270013062633
log_hist_n,0.00602311795616121,0.0014694281518647042
queue_depth,0.0058603003242686524,0.001774747352953663
seq_gap,0.00570300106054696,0.00029733182685394774
log_amount,0.005286533984441566,0.0014099257672643794
amount_zscore,0.004072273797716168,0.0023126975145105625
log_queue_spend,0.0024787293735990534,0.005108230215730688
day_count,0.0024622510997682387,0.0005660099349713987
hour_sin,0.0022464871673489504,0.0017806170847382641
daytype_share,0.001575383238008432,0.0004164645699938853
n_receivers,0.0012385513994233783,0.0005436983346593814
chain_gap,0.001015240112001307,1.7476413733960415e-05
cnt_24h,0.0009168493612162024,0.0009113462214147099
receiver_share,0.00045858271678378415,0.0008689087297787507
is_cold_start,0.0002957850938222946,1.4492569251515901e-05
night_flag,0.00024442710508976173,0.00014921210396418814
snapshot_regress,0.000235800654714328,6.383996035965404e-06
has_recent_prev,8.114897266261097e-05,0.0002539897984120216
is_weekend,-0.00012405654016001133,0.00025374995374835346
hour_cos,-0.00017157628803077252,0.0009191792385031577
device_changed,-0.000532800168322134,0.00033235651712538794
device_new,-0.0008800424514516422,0.0002747260626423572
is_new_receiver,-0.00319047518944456,6.665003783350385e-05
log_day_spend,-0.007714505096063788,0.0034202996190131093
