scenario,model,system,mode,recall,fpr,roc_auc
rollback,logistic_regression,ml,unseen,0.2625,0.0256056264652253,0.8245636884605366
rollback,logistic_regression,hybrid,unseen,0.2875,0.0285491013284709,0.8267940870018234
rollback,random_forest,ml,unseen,0.325,0.0251888512633498,0.84315723495702
rollback,random_forest,hybrid,unseen,0.35,0.0288095858296431,0.8431417686897629
rollback,isolation_forest,ml,unseen,0.0625,0.0220369887991664,0.7281691195623862
rollback,isolation_forest,hybrid,unseen,0.0875,0.0241990101588955,0.7285513805678562
rollback,logistic_regression,ml,seen,0.2875,0.0259182078666319,
rollback,logistic_regression,hybrid,seen,0.3,0.0284709559781193,
rollback,random_forest,ml,seen,0.3875,0.0271424850221411,
rollback,random_forest,hybrid,seen,0.425,0.0292263610315186,
rollback,isolation_forest,ml,seen,0.05,0.021385777546236,
rollback,isolation_forest,hybrid,seen,0.1,0.0236780411565511,
rollback,rules,rules,,0.05,0.0054180776243813,
double_spend,logistic_regression,ml,unseen,0.9565217391304348,0.0261526439176869,0.995171976397839
double_spend,logistic_regression,hybrid,unseen,1.0,0.0284709559781193,0.9971131522022264
double_spend,random_forest,ml,unseen,0.9130434782608696,0.0254753842146392,0.9937755529632945
double_spend,random_forest,hybrid,unseen,1.0,0.0291742641312841,0.9971652491024612
double_spend,isolation_forest,ml,unseen,0.7391304347826086,0.0217244073977598,0.98190312241639
double_spend,isolation_forest,hybrid,unseen,1.0,0.0242511070591299,0.9901004564141476
double_spend,logistic_regression,ml,seen,0.9565217391304348,0.0259182078666319,
double_spend,logistic_regression,hybrid,seen,1.0,0.0284709559781193,
double_spend,random_forest,ml,seen,0.9565217391304348,0.0271424850221411,
double_spend,random_forest,hybrid,seen,1.0,0.0292263610315186,
double_spend,isolation_forest,ml,seen,0.6956521739130435,0.021385777546236,
double_spend,isolation_forest,hybrid,seen,1.0,0.0236780411565511,
double_spend,rules,rules,,1.0,0.0054180776243813,
velocity_burst,logistic_regression,ml,unseen,0.1954602774274905,0.0256316749153425,0.7978605780522262
velocity_burst,logistic_regression,hybrid,unseen,0.1878940731399747,0.0278978900755405,0.7968011320728686
velocity_burst,random_forest,ml,unseen,0.137452711223203,0.0268559520708517,0.825645553187946
velocity_burst,random_forest,hybrid,unseen,0.146279949558638,0.031310237040896,0.8263184441093219
velocity_burst,isolation_forest,ml,unseen,0.5460277427490542,0.0203959364417817,0.900816305212942
velocity_burst,isolation_forest,hybrid,unseen,0.5435056746532156,0.0238082834071372,0.9016975508872732
velocity_burst,logistic_regression,ml,seen,0.7238335435056746,0.0259182078666319,
velocity_burst,logistic_regression,hybrid,seen,0.7213114754098361,0.0284709559781193,
velocity_burst,random_forest,ml,seen,0.8221941992433796,0.0271424850221411,
velocity_burst,random_forest,hybrid,seen,0.8209331651954602,0.0292263610315186,
velocity_burst,isolation_forest,ml,seen,0.5359394703656999,0.021385777546236,
velocity_burst,isolation_forest,hybrid,seen,0.5384615384615384,0.0236780411565511,
velocity_burst,rules,rules,,0.0100882723833543,0.0054180776243813,
large_amount,logistic_regression,ml,unseen,0.4,0.0260744985673352,0.9418272987757228
large_amount,logistic_regression,hybrid,unseen,0.325,0.0288095858296431,0.9387418598593384
large_amount,random_forest,ml,unseen,0.6,0.0271945819223756,0.9698424068767908
large_amount,random_forest,hybrid,unseen,0.55,0.029044021880698,0.9678464443865592
large_amount,isolation_forest,ml,unseen,0.4,0.0216462620474081,0.9426328470955978
large_amount,isolation_forest,hybrid,unseen,0.375,0.0239385256577233,0.9397668663714508
large_amount,logistic_regression,ml,seen,0.45,0.0259182078666319,
large_amount,logistic_regression,hybrid,seen,0.45,0.0284709559781193,
large_amount,random_forest,ml,seen,0.9,0.0271424850221411,
large_amount,random_forest,hybrid,seen,0.9,0.0292263610315186,
large_amount,isolation_forest,ml,seen,0.325,0.021385777546236,
large_amount,isolation_forest,hybrid,seen,0.275,0.0236780411565511,
large_amount,rules,rules,,0.0,0.0054180776243813,
new_beneficiary_unusual_amount,logistic_regression,ml,unseen,0.7777777777777778,0.024381349309716,0.9801129730929158
new_beneficiary_unusual_amount,logistic_regression,hybrid,unseen,0.7962962962962963,0.0285751497785881,0.9793102949263408
new_beneficiary_unusual_amount,random_forest,ml,unseen,0.9629629629629628,0.0270643396717895,0.9935583147617532
new_beneficiary_unusual_amount,random_forest,hybrid,unseen,0.925925925925926,0.0279760354258921,0.9931806122350536
new_beneficiary_unusual_amount,isolation_forest,ml,unseen,0.1296296296296296,0.0218286011982287,0.9218454844529343
new_beneficiary_unusual_amount,isolation_forest,hybrid,unseen,0.1666666666666666,0.024381349309716,0.9197049289456166
new_beneficiary_unusual_amount,logistic_regression,ml,seen,0.7962962962962963,0.0259182078666319,
new_beneficiary_unusual_amount,logistic_regression,hybrid,seen,0.8148148148148148,0.0284709559781193,
new_beneficiary_unusual_amount,random_forest,ml,seen,0.9814814814814816,0.0271424850221411,
new_beneficiary_unusual_amount,random_forest,hybrid,seen,0.9814814814814816,0.0292263610315186,
new_beneficiary_unusual_amount,isolation_forest,ml,seen,0.1851851851851851,0.021385777546236,
new_beneficiary_unusual_amount,isolation_forest,hybrid,seen,0.2037037037037037,0.0236780411565511,
new_beneficiary_unusual_amount,rules,rules,,0.0555555555555555,0.0054180776243813,
device_change,logistic_regression,ml,unseen,0.369047619047619,0.0259182078666319,0.910007566454558
device_change,logistic_regression,hybrid,unseen,0.3452380952380952,0.028444907528002,0.9072045671615871
device_change,random_forest,ml,unseen,0.6428571428571429,0.0270643396717895,0.9578281794614172
device_change,random_forest,hybrid,unseen,0.6309523809523809,0.029044021880698,0.9564435802974484
device_change,isolation_forest,ml,unseen,0.1428571428571428,0.0223756186506902,0.7745153127674618
device_change,isolation_forest,hybrid,unseen,0.1309523809523809,0.0241990101588955,0.7718788374948834
device_change,logistic_regression,ml,seen,0.3928571428571428,0.0259182078666319,
device_change,logistic_regression,hybrid,seen,0.3928571428571428,0.0284709559781193,
device_change,random_forest,ml,seen,0.6785714285714286,0.0271424850221411,
device_change,random_forest,hybrid,seen,0.6666666666666666,0.0292263610315186,
device_change,isolation_forest,ml,seen,0.1547619047619047,0.021385777546236,
device_change,isolation_forest,hybrid,seen,0.119047619047619,0.0236780411565511,
device_change,rules,rules,,0.0119047619047619,0.0054180776243813,
long_offline_suspicious,logistic_regression,ml,unseen,0.539568345323741,0.0257879656160458,0.9119774146819558
long_offline_suspicious,logistic_regression,hybrid,unseen,0.5251798561151079,0.0280541807762438,0.9100397098315096
long_offline_suspicious,random_forest,ml,unseen,0.6402877697841727,0.0234957020057306,0.9547209536356328
long_offline_suspicious,random_forest,hybrid,unseen,0.6402877697841727,0.0286011982287053,0.9534170319383982
long_offline_suspicious,isolation_forest,ml,unseen,0.1654676258992805,0.0216462620474081,0.8287653596841204
long_offline_suspicious,isolation_forest,hybrid,unseen,0.158273381294964,0.0244594946600677,0.8257225633923704
long_offline_suspicious,logistic_regression,ml,seen,0.5611510791366906,0.0259182078666319,
long_offline_suspicious,logistic_regression,hybrid,seen,0.5467625899280576,0.0284709559781193,
long_offline_suspicious,random_forest,ml,seen,0.7410071942446043,0.0271424850221411,
long_offline_suspicious,random_forest,hybrid,seen,0.7338129496402878,0.0292263610315186,
long_offline_suspicious,isolation_forest,ml,seen,0.1510791366906475,0.021385777546236,
long_offline_suspicious,isolation_forest,hybrid,seen,0.1510791366906475,0.0236780411565511,
long_offline_suspicious,rules,rules,,0.014388489208633,0.0054180776243813,
cumulative_offline_spend,logistic_regression,ml,unseen,0.1755555555555555,0.0292524094816358,0.7454797256229923
cumulative_offline_spend,logistic_regression,hybrid,unseen,0.1866666666666666,0.0315707215420682,0.7459007843477757
cumulative_offline_spend,random_forest,ml,unseen,0.2177777777777777,0.0194581922375618,0.816694046482012
cumulative_offline_spend,random_forest,hybrid,unseen,0.2311111111111111,0.0232873144047929,0.8158286011982286
cumulative_offline_spend,isolation_forest,ml,unseen,0.2177777777777777,0.0197707736389684,0.8067547683135076
cumulative_offline_spend,isolation_forest,hybrid,unseen,0.2177777777777777,0.0222714248502214,0.8061181441926428
cumulative_offline_spend,logistic_regression,ml,seen,0.4044444444444444,0.0259182078666319,
cumulative_offline_spend,logistic_regression,hybrid,seen,0.4133333333333333,0.0284709559781193,
cumulative_offline_spend,random_forest,ml,seen,0.6866666666666666,0.0271424850221411,
cumulative_offline_spend,random_forest,hybrid,seen,0.6911111111111111,0.0292263610315186,
cumulative_offline_spend,isolation_forest,ml,seen,0.1844444444444444,0.021385777546236,
cumulative_offline_spend,isolation_forest,hybrid,seen,0.1977777777777777,0.0236780411565511,
cumulative_offline_spend,rules,rules,,0.0244444444444444,0.0054180776243813,
replay_duplicate,logistic_regression,ml,unseen,0.04,0.0260744985673352,0.6902245376400105
replay_duplicate,logistic_regression,hybrid,unseen,0.92,0.0288616827298775,0.951216462620474
replay_duplicate,random_forest,ml,unseen,0.0,0.0268038551706173,0.6334485543110187
replay_duplicate,random_forest,hybrid,unseen,0.92,0.029512893982808,0.9578582964313622
replay_duplicate,isolation_forest,ml,unseen,0.06,0.0215941651471737,0.7460557436832509
replay_duplicate,isolation_forest,hybrid,unseen,0.92,0.0244855431101849,0.9409210731961448
replay_duplicate,logistic_regression,ml,seen,0.38,0.0259182078666319,
replay_duplicate,logistic_regression,hybrid,seen,0.92,0.0284709559781193,
replay_duplicate,random_forest,ml,seen,0.84,0.0271424850221411,
replay_duplicate,random_forest,hybrid,seen,0.92,0.0292263610315186,
replay_duplicate,isolation_forest,ml,seen,0.04,0.021385777546236,
replay_duplicate,isolation_forest,hybrid,seen,0.92,0.0236780411565511,
replay_duplicate,rules,rules,,0.92,0.0054180776243813,
combined,logistic_regression,ml,unseen,0.5961538461538461,0.0253972388642875,0.9318537479712264
combined,logistic_regression,hybrid,unseen,0.5576923076923077,0.0284709559781193,0.9299865249363818
combined,random_forest,ml,unseen,0.7307692307692307,0.027481114873665,0.963568487386539
combined,random_forest,hybrid,unseen,0.7019230769230769,0.0264652253190935,0.9634389965335524
combined,isolation_forest,ml,unseen,0.3461538461538461,0.0220369887991664,0.8814337167130863
combined,isolation_forest,hybrid,unseen,0.3269230769230769,0.0248241729617087,0.8788706995010719
combined,logistic_regression,ml,seen,0.6153846153846154,0.0259182078666319,
combined,logistic_regression,hybrid,seen,0.5865384615384616,0.0284709559781193,
combined,random_forest,ml,seen,0.7692307692307693,0.0271424850221411,
combined,random_forest,hybrid,seen,0.7788461538461539,0.0292263610315186,
combined,isolation_forest,ml,seen,0.2980769230769231,0.021385777546236,
combined,isolation_forest,hybrid,seen,0.2692307692307692,0.0236780411565511,
combined,rules,rules,,0.0961538461538461,0.0054180776243813,
