system,scenario,n,recall,f1,attack_recall,attacks
rules_only,rollback,80,0.3125,0.1597444089456869,0.44,50
rules_only,double_spend,23,1.0,0.18110236220472442,1.0,23
rules_only,velocity_burst,793,0.4262295081967213,0.5048543689320388,0.6792452830188679,53
rules_only,large_amount,40,0.0,0.0,0.0,40
rules_only,new_beneficiary_unusual_amount,54,0.05555555555555555,0.022641509433962263,0.05263157894736842,38
rules_only,device_change,84,0.03571428571428571,0.020338983050847456,0.06382978723404255,47
rules_only,long_offline_suspicious,139,0.4172661870503597,0.28641975308641976,0.44680851063829785,47
rules_only,cumulative_offline_spend,450,0.09333333333333334,0.12,0.2553191489361702,47
rules_only,replay_duplicate,50,1.0,0.3246753246753247,1.0,50
rules_only,combined,104,0.25961538461538464,0.1592920353982301,0.38461538461538464,39
ml_logistic_regression,rollback,80,0.625,0.08833922261484099,0.68,50
ml_logistic_regression,double_spend,23,1.0,0.04389312977099236,1.0,23
ml_logistic_regression,velocity_burst,793,0.7414880201765448,0.49349559378934116,0.9622641509433962,53
ml_logistic_regression,large_amount,40,0.4,0.030245746691871456,0.4,40
ml_logistic_regression,new_beneficiary_unusual_amount,54,0.7407407407407407,0.072992700729927,0.7631578947368421,38
ml_logistic_regression,device_change,84,0.7142857142857143,0.10471204188481675,0.8297872340425532,47
ml_logistic_regression,long_offline_suspicious,139,0.4460431654676259,0.10307564422277639,0.6808510638297872,47
ml_logistic_regression,cumulative_offline_spend,450,0.46,0.24954792043399637,0.7872340425531915,47
ml_logistic_regression,replay_duplicate,50,1.0,0.09074410163339383,1.0,50
ml_logistic_regression,combined,104,0.7596153846153846,0.13333333333333333,0.9230769230769231,39
hybrid_logistic_regression,rollback,80,0.625,0.08257638315441784,0.68,50
hybrid_logistic_regression,double_spend,23,1.0,0.04081632653061224,1.0,23
hybrid_logistic_regression,velocity_burst,793,0.7402269861286255,0.477041852905323,0.9622641509433962,53
hybrid_logistic_regression,large_amount,40,0.4,0.028144239226033423,0.4,40
hybrid_logistic_regression,new_beneficiary_unusual_amount,54,0.7407407407407407,0.06808510638297872,0.7631578947368421,38
hybrid_logistic_regression,device_change,84,0.7023809523809523,0.09640522875816994,0.8085106382978723,47
hybrid_logistic_regression,long_offline_suspicious,139,0.6258992805755396,0.1331293037490436,0.8297872340425532,47
hybrid_logistic_regression,cumulative_offline_spend,450,0.44666666666666666,0.23210161662817552,0.7659574468085106,47
hybrid_logistic_regression,replay_duplicate,50,1.0,0.0846740050804403,1.0,50
hybrid_logistic_regression,combined,104,0.7884615384615384,0.12943962115232832,0.9487179487179487,39
ml_random_forest,rollback,80,0.8,0.10702341137123746,0.86,50
ml_random_forest,double_spend,23,1.0,0.04189435336976321,1.0,23
ml_random_forest,velocity_burst,793,0.8524590163934426,0.5362951209837367,0.9245283018867925,53
ml_random_forest,large_amount,40,0.875,0.062111801242236024,0.875,40
ml_random_forest,new_beneficiary_unusual_amount,54,0.9814814814814815,0.091458153580673,1.0,38
ml_random_forest,device_change,84,0.8690476190476191,0.12076095947063689,0.9361702127659575,47
ml_random_forest,long_offline_suspicious,139,0.9784172661870504,0.20497362471740768,1.0,47
ml_random_forest,cumulative_offline_spend,450,0.7155555555555555,0.3530701754385965,0.9361702127659575,47
ml_random_forest,replay_duplicate,50,0.98,0.08514335360556038,0.98,50
ml_random_forest,combined,104,0.9134615384615384,0.1518784972022382,1.0,39
hybrid_random_forest,rollback,80,0.7875,0.0980544747081712,0.84,50
hybrid_random_forest,double_spend,23,1.0,0.03872053872053872,1.0,23
hybrid_random_forest,velocity_burst,793,0.8486759142496847,0.5161042944785276,0.9433962264150944,53
hybrid_random_forest,large_amount,40,0.875,0.05751848808545604,0.875,40
hybrid_random_forest,new_beneficiary_unusual_amount,54,0.9814814814814815,0.08486789431545236,1.0,38
hybrid_random_forest,device_change,84,0.8214285714285714,0.10656370656370656,0.8723404255319149,47
hybrid_random_forest,long_offline_suspicious,139,0.9928057553956835,0.1945031712473573,1.0,47
hybrid_random_forest,cumulative_offline_spend,450,0.7044444444444444,0.3321110529072813,0.9361702127659575,47
hybrid_random_forest,replay_duplicate,50,1.0,0.08051529790660225,1.0,50
hybrid_random_forest,combined,104,0.9326923076923077,0.14445271779597915,1.0,39
ml_isolation_forest,rollback,80,0.1625,0.02857142857142857,0.24,50
ml_isolation_forest,double_spend,23,0.9565217391304348,0.05104408352668213,0.9565217391304348,23
ml_isolation_forest,velocity_burst,793,0.5056746532156369,0.39880656389855795,0.7358490566037735,53
ml_isolation_forest,large_amount,40,0.15,0.013904982618771726,0.15,40
ml_isolation_forest,new_beneficiary_unusual_amount,54,0.12962962962962962,0.015945330296127564,0.18421052631578946,38
ml_isolation_forest,device_change,84,0.38095238095238093,0.06859592711682744,0.6382978723404256,47
ml_isolation_forest,long_offline_suspicious,139,0.14388489208633093,0.040983606557377046,0.2765957446808511,47
ml_isolation_forest,cumulative_offline_spend,450,0.17777777777777778,0.11878247958426132,0.5531914893617021,47
ml_isolation_forest,replay_duplicate,50,0.72,0.07973421926910298,0.72,50
ml_isolation_forest,combined,104,0.5673076923076923,0.12040816326530612,0.7948717948717948,39
hybrid_isolation_forest,rollback,80,0.3875,0.06019417475728155,0.52,50
hybrid_isolation_forest,double_spend,23,1.0,0.04766839378238342,1.0,23
hybrid_isolation_forest,velocity_burst,793,0.5119798234552333,0.3833805476864967,0.7358490566037735,53
hybrid_isolation_forest,large_amount,40,0.15,0.012435233160621761,0.15,40
hybrid_isolation_forest,new_beneficiary_unusual_amount,54,0.16666666666666666,0.018329938900203666,0.21052631578947367,38
hybrid_isolation_forest,device_change,84,0.36904761904761907,0.059961315280464215,0.5957446808510638,47
hybrid_isolation_forest,long_offline_suspicious,139,0.460431654676259,0.1140819964349376,0.5319148936170213,47
hybrid_isolation_forest,cumulative_offline_spend,450,0.2,0.12337217272104181,0.5531914893617021,47
hybrid_isolation_forest,replay_duplicate,50,1.0,0.09813542688910697,1.0,50
hybrid_isolation_forest,combined,104,0.5865384615384616,0.11254612546125461,0.8205128205128205,39
